{"open": 0.01774195954236893, "high": 0.03633113144857645, "low": 0.028388177678263234, "close": 0.023780282560200646, "volume": 0.015620192480696937, "obv": 0.1189638081953176, "m30_macd_signal": 0.051538681031691846, "m30_ema_21": 0.07539963025609063, "keltner_width": 0.03429810197878272, "m30_parabolic_sar": 0.05376785571904829, "m30_ema_7": 0.03695318378980061, "m30_minus_di": 0.031563905688165875, "atr_14": 0.06719070695351353, "bb_width": 0.05743208858844531, "cmf": 0.026386556444015618, "volatility_regime": 0.043266112569636285, "m30_macd": 0.019069325013103135, "m30_plus_di": 0.02544483031120971, "ema_cross": 0.018445251362679035, "stoch_d": 0.017559700205306367, "hull_ma_16": 0.013732281001443523, "m30_hull_ma_16": 0.016335429709726748, "macd_histogram": 0.014789687232527708, "volume_oscillator": 0.02641681376958241, "bb_percent_b": 0.008296942220552937, "m30_macd_histogram": 0.014195612108193388, "m30_ema_cross": 0.015616904421692744, "mfi": 0.022878168681126056, "rsi_14": 0.020342688660711428, "cci_20": 0.012466542866946966, "stoch_k": 0.005357701915639229, "willr_14": 0.005985052670083689, "market_regime": 0.014515246794569529, "taker_buy_ratio": 0.007164656172417085, "m30_parabolic_sar_direction": 0.0027647899578738407}